Gender,Married,Dependents,Education,Self_Employed,ApplicantIncome,CoapplicantIncome,LoanAmount,Loan_Amount_Term,Credit_History,Property_Area,Loan_Status
0,1,1,1,0,4583.0,25604.38353548025,128.0,360.0,1.0,1,0
0,1,0,1,1,3000.0,25604.38353548025,66.0,360.0,1.0,2,1
0,1,0,0,0,2583.0,25604.38353548025,120.0,360.0,1.0,2,1
0,0,0,1,0,6000.0,25604.38353548025,141.0,360.0,1.0,2,1
0,1,1,1,1,5417.0,22276.327812500153,267.0,360.0,1.0,2,1
0,1,0,0,0,2333.0,25604.38353548025,95.0,360.0,1.0,2,1
0,1,1,1,0,3036.0,25604.38353548025,158.0,360.0,0.0,0,0
0,1,1,1,0,4006.0,25604.38353548025,168.0,360.0,1.0,2,1
0,1,1,1,0,12841.0,25604.38353548025,349.0,360.0,1.0,0,0
0,1,1,1,0,3200.0,25604.38353548025,70.0,360.0,1.0,2,1
0,1,1,1,0,3073.0,25604.38353548025,200.0,360.0,1.0,2,1
0,0,0,1,0,1853.0,25604.38353548025,114.0,360.0,1.0,1,0
0,1,1,1,0,1299.0,25604.38353548025,17.0,120.0,1.0,2,1
0,0,0,1,0,4950.0,25604.38353548025,125.0,360.0,1.0,2,1
1,0,0,1,0,3510.0,25604.38353548025,76.0,360.0,0.0,2,0
0,1,0,0,0,4887.0,25604.38353548025,133.0,360.0,1.0,1,0
0,1,0,0,0,7660.0,25604.38353548025,104.0,360.0,0.0,2,0
0,1,1,1,0,5955.0,25604.38353548025,315.0,360.0,1.0,2,1
0,1,0,0,0,2600.0,25604.38353548025,116.0,360.0,0.0,0,0
0,1,0,1,1,9560.0,25604.38353548025,191.0,360.0,1.0,0,1
0,1,0,1,0,2799.0,25604.38353548025,122.0,360.0,1.0,0,1
0,1,1,0,0,4226.0,25604.38353548025,110.0,360.0,1.0,2,1
0,0,0,0,0,1442.0,25604.38353548025,35.0,360.0,1.0,2,0
0,0,0,1,0,3167.0,25604.38353548025,74.0,360.0,1.0,2,0
0,0,1,1,1,4692.0,25604.38353548025,106.0,360.0,1.0,1,0
0,1,0,1,0,3500.0,25604.38353548025,114.0,360.0,1.0,0,1
0,0,1,1,0,12500.0,25604.38353548025,320.0,360.0,1.0,1,0
1,1,0,1,0,3667.0,25604.38353548025,144.0,360.0,1.0,0,1
0,0,0,1,0,4166.0,25604.38353548025,184.0,360.0,1.0,2,1
0,0,0,0,0,3748.0,25604.38353548025,110.0,360.0,1.0,0,1
0,0,0,1,0,3600.0,25604.38353548025,80.0,360.0,1.0,2,0
0,0,0,1,0,1800.0,25604.38353548025,47.0,360.0,1.0,2,1
0,1,0,1,0,3941.0,25604.38353548025,134.0,360.0,1.0,0,1
0,1,1,1,0,5649.0,25604.38353548025,44.0,360.0,1.0,2,1
0,1,0,1,0,5821.0,25604.38353548025,144.0,360.0,1.0,2,1
1,1,0,1,0,2645.0,25604.38353548025,120.0,360.0,0.0,2,0
1,0,0,1,0,4000.0,25604.38353548025,144.0,360.0,1.0,0,1
1,1,0,0,0,1928.0,25604.38353548025,100.0,360.0,1.0,0,1
1,0,0,1,0,3086.0,25604.38353548025,120.0,360.0,1.0,0,1
1,0,0,1,0,4230.0,25604.38353548025,112.0,360.0,1.0,0,0
0,1,1,1,0,4616.0,25604.38353548025,134.0,360.0,1.0,2,0
1,1,1,1,1,11500.0,25604.38353548025,286.0,360.0,0.0,2,0
0,1,1,1,0,2708.0,25604.38353548025,97.0,360.0,1.0,0,1
0,1,0,1,0,2132.0,25604.38353548025,96.0,360.0,1.0,0,1
0,1,0,1,0,3366.0,25604.38353548025,135.0,360.0,1.0,1,0
0,1,1,1,0,8080.0,25604.38353548025,180.0,360.0,1.0,2,1
0,1,1,0,0,3357.0,25604.38353548025,144.0,360.0,1.0,2,1
0,1,0,1,0,2500.0,25604.38353548025,120.0,360.0,1.0,2,1
0,1,1,1,0,3029.0,25604.38353548025,99.0,360.0,1.0,2,1
0,1,0,0,1,2609.0,25604.38353548025,165.0,180.0,0.0,1,0
1,0,0,1,0,4166.0,25604.38353548025,116.0,360.0,0.0,0,0
0,1,0,1,0,5726.0,25604.38353548025,258.0,360.0,1.0,0,0
0,0,0,0,0,3200.0,25604.38353548025,126.0,180.0,0.0,2,0
0,1,1,1,0,10750.0,25604.38353548025,312.0,360.0,1.0,2,1
0,1,1,0,1,7100.0,25604.38353548025,125.0,60.0,1.0,2,1
1,0,0,1,0,4300.0,25604.38353548025,136.0,360.0,0.0,0,0
0,1,0,1,0,3208.0,25604.38353548025,172.0,360.0,1.0,2,1
0,1,1,0,1,1875.0,25604.38353548025,97.0,360.0,1.0,0,1
0,0,0,1,0,3500.0,25604.38353548025,81.0,300.0,1.0,0,1
0,1,1,1,1,5266.0,25604.38353548025,187.0,360.0,1.0,0,1
0,0,0,1,0,3750.0,25604.38353548025,113.0,480.0,1.0,2,0
0,0,0,1,0,3750.0,25604.38353548025,176.0,360.0,1.0,2,0
0,1,1,1,1,1000.0,25604.38353548025,110.0,360.0,1.0,2,0
0,1,1,1,0,3167.0,25604.38353548025,180.0,300.0,0.0,0,0
1,0,0,1,0,3846.0,25604.38353548025,111.0,360.0,1.0,0,1
1,1,1,1,0,1378.0,25604.38353548025,167.0,360.0,1.0,2,0
0,1,1,1,0,3988.0,25604.38353548025,50.0,240.0,1.0,2,1
0,0,0,1,0,2366.0,25604.38353548025,136.0,360.0,1.0,0,1
0,1,0,1,0,2500.0,25604.38353548025,104.0,360.0,1.0,0,1
0,0,0,1,0,8566.0,25604.38353548025,210.0,360.0,1.0,2,1
0,1,0,1,0,5695.0,25604.38353548025,175.0,360.0,1.0,0,1
0,1,0,1,0,2958.0,25604.38353548025,131.0,360.0,1.0,0,1
0,1,1,1,0,6250.0,25604.38353548025,188.0,180.0,1.0,0,1
0,1,1,0,0,3273.0,25604.38353548025,81.0,360.0,1.0,2,1
0,0,0,1,0,4133.0,25604.38353548025,122.0,360.0,1.0,0,1
0,0,0,0,0,3620.0,25604.38353548025,25.0,120.0,1.0,0,1
1,1,0,1,0,2484.0,25604.38353548025,137.0,360.0,1.0,0,1
0,1,0,1,0,1977.0,25604.38353548025,50.0,360.0,1.0,0,1
0,1,0,0,0,4188.0,25604.38353548025,115.0,180.0,1.0,0,1
0,1,0,1,0,1759.0,25604.38353548025,131.0,360.0,1.0,0,1
0,1,1,0,0,4288.0,25604.38353548025,133.0,180.0,1.0,2,1
0,0,0,1,0,4843.0,25604.38353548025,151.0,360.0,1.0,0,1
0,1,1,1,0,3052.0,25604.38353548025,100.0,360.0,1.0,2,1
0,1,1,1,0,11417.0,25604.38353548025,225.0,360.0,1.0,2,1
0,1,1,1,0,3800.0,25604.38353548025,216.0,360.0,0.0,2,0
0,1,1,0,0,2071.0,25604.38353548025,94.0,480.0,1.0,0,1
0,0,0,1,0,5316.0,18610.02781249986,136.0,360.0,1.0,2,1
0,1,1,1,0,14583.0,25604.38353548025,185.0,180.0,1.0,1,1
1,1,0,1,0,3167.0,25604.38353548025,154.0,360.0,1.0,0,1
0,1,0,1,0,5568.0,25604.38353548025,175.0,360.0,1.0,1,0
1,0,0,1,0,10408.0,25604.38353548025,259.0,360.0,1.0,2,1
1,0,0,1,0,4166.0,25604.38353548025,44.0,360.0,1.0,0,1
1,0,0,1,0,2137.0,25604.38353548025,137.0,360.0,0.0,0,1
0,1,1,1,0,2957.0,25604.38353548025,81.0,360.0,1.0,0,1
0,1,0,0,0,4300.0,25604.38353548025,194.0,360.0,1.0,1,1
0,1,1,1,1,10513.0,25604.38353548025,160.0,180.0,0.0,2,0
0,0,0,1,0,2014.0,25604.38353548025,74.0,360.0,1.0,2,1
0,0,0,1,0,2718.0,25604.38353548025,70.0,360.0,1.0,0,1
0,1,0,1,1,3459.0,25604.38353548025,25.0,120.0,1.0,0,1
0,0,0,1,0,4895.0,25604.38353548025,102.0,360.0,1.0,0,1
0,1,1,1,0,4000.0,25604.38353548025,290.0,360.0,1.0,0,0
1,1,0,1,0,4583.0,25604.38353548025,84.0,360.0,1.0,1,0
0,1,1,1,1,3316.0,25604.38353548025,88.0,360.0,1.0,2,1
0,0,0,1,0,14999.0,25604.38353548025,242.0,360.0,0.0,0,0
0,1,1,0,0,4200.0,25604.38353548025,129.0,360.0,1.0,1,0
0,1,1,1,0,5042.0,25604.38353548025,185.0,360.0,1.0,1,0
0,0,0,1,0,5417.0,22276.327812500153,168.0,360.0,1.0,2,1
0,0,0,1,1,6950.0,25604.38353548025,175.0,180.0,1.0,0,1
0,1,0,1,0,2698.0,25604.38353548025,122.0,360.0,1.0,0,1
0,1,1,1,0,11757.0,25604.38353548025,187.0,180.0,1.0,2,1
1,1,0,1,0,2330.0,25604.38353548025,100.0,360.0,1.0,0,1
1,1,1,1,0,14866.0,25604.38353548025,70.0,360.0,1.0,2,1
0,1,1,1,0,1538.0,25604.38353548025,30.0,360.0,1.0,2,1
1,0,0,1,0,10000.0,25604.38353548025,225.0,360.0,1.0,1,0
0,1,0,1,0,4860.0,25604.38353548025,125.0,360.0,1.0,0,1
0,0,0,1,0,6277.0,25604.38353548025,118.0,360.0,0.0,1,0
0,1,0,1,1,2577.0,25604.38353548025,152.0,360.0,1.0,1,1
0,0,0,1,0,9166.0,25604.38353548025,244.0,360.0,1.0,2,0
0,1,1,0,0,2281.0,25604.38353548025,113.0,360.0,1.0,1,0
0,0,0,1,0,3254.0,25604.38353548025,50.0,360.0,1.0,2,1
0,1,1,1,0,22351.262481573733,25604.38353548025,386.00819012222564,180.0,0.0,0,1
0,1,1,1,0,9538.0,25604.38353548025,187.0,360.0,1.0,2,1
0,1,0,1,0,4583.0,25604.38353548025,255.0,360.0,1.0,0,1
0,1,0,0,0,1863.0,25604.38353548025,98.0,360.0,1.0,0,1
0,1,0,1,0,7933.0,25604.38353548025,275.0,360.0,1.0,2,0
0,1,1,1,0,3089.0,25604.38353548025,121.0,360.0,0.0,0,0
0,1,1,1,0,4167.0,25604.38353548025,158.0,360.0,1.0,1,1
0,1,0,1,0,9323.0,25604.38353548025,75.0,180.0,1.0,2,1
1,1,0,1,0,4583.0,25604.38353548025,112.0,360.0,1.0,1,0
0,1,0,1,0,2439.0,25604.38353548025,129.0,360.0,1.0,1,1
0,0,0,1,0,2237.0,25604.38353548025,63.0,480.0,0.0,0,0
0,1,1,1,0,8000.0,25604.38353548025,200.0,360.0,1.0,0,1
0,1,1,0,0,3522.0,25604.38353548025,81.0,180.0,1.0,1,0
0,1,0,1,0,5708.0,25604.38353548025,187.0,360.0,1.0,0,1
0,1,0,0,1,4344.0,25604.38353548025,87.0,360.0,1.0,0,0
0,1,0,1,0,3497.0,25604.38353548025,116.0,360.0,1.0,1,1
0,1,1,1,0,2045.0,25604.38353548025,101.0,360.0,1.0,1,1
0,1,1,1,0,5516.0,25604.38353548025,386.00819012222564,360.0,0.0,0,0
0,1,1,1,0,3750.0,25604.38353548025,116.0,360.0,1.0,0,1
0,0,0,0,0,2333.0,25604.38353548025,102.0,480.0,0.0,2,0
0,1,1,1,0,6400.0,25604.38353548025,180.0,360.0,0.0,2,0
0,1,0,1,0,4600.0,25604.38353548025,73.0,180.0,1.0,0,1
0,1,1,1,0,22351.262481573733,25604.38353548025,260.0,360.0,1.0,0,0
1,1,0,1,0,3625.0,25604.38353548025,108.0,360.0,1.0,0,1
0,1,0,1,1,22351.262481573733,25604.38353548025,120.0,360.0,1.0,0,1
0,1,1,1,1,2178.0,25604.38353548025,66.0,300.0,0.0,1,0
0,1,0,1,0,9328.0,25604.38353548025,188.0,180.0,1.0,1,1
0,0,0,0,0,4885.0,25604.38353548025,48.0,360.0,1.0,1,1
0,0,0,1,0,12000.0,25604.38353548025,164.0,360.0,1.0,0,0
0,1,0,0,0,6033.0,25604.38353548025,160.0,360.0,1.0,2,0
0,0,0,1,0,3858.0,25604.38353548025,76.0,360.0,1.0,0,1
0,0,0,1,0,4191.0,25604.38353548025,120.0,360.0,1.0,1,1
0,1,1,1,0,3125.0,25604.38353548025,170.0,360.0,1.0,0,0
0,0,0,1,0,8333.0,25604.38353548025,187.0,360.0,1.0,1,1
0,0,0,1,1,11000.0,25604.38353548025,83.0,360.0,1.0,2,0
0,1,1,0,0,2600.0,25604.38353548025,90.0,360.0,1.0,0,1
0,0,1,1,0,4923.0,25604.38353548025,166.0,360.0,0.0,0,1
0,1,1,0,0,3500.0,25604.38353548025,135.0,360.0,1.0,2,1
0,1,1,0,0,3917.0,25604.38353548025,124.0,360.0,1.0,0,1
1,0,0,0,0,4408.0,25604.38353548025,120.0,360.0,1.0,0,1
1,0,0,1,0,3244.0,25604.38353548025,80.0,360.0,1.0,2,1
0,0,0,0,0,3975.0,25604.38353548025,55.0,360.0,1.0,1,1
0,0,0,1,0,2479.0,25604.38353548025,59.0,360.0,1.0,2,1
0,0,0,1,0,3418.0,25604.38353548025,127.0,360.0,1.0,0,0
1,0,0,1,0,10000.0,25604.38353548025,214.0,360.0,1.0,0,0
0,1,1,1,0,3430.0,25604.38353548025,128.0,360.0,0.0,0,0
0,1,1,1,1,7787.0,25604.38353548025,240.0,360.0,1.0,2,1
0,1,1,0,1,5703.0,25604.38353548025,130.0,360.0,1.0,1,1
0,1,0,1,0,3173.0,25604.38353548025,137.0,360.0,1.0,2,1
0,1,1,0,0,3850.0,25604.38353548025,100.0,360.0,1.0,0,1
0,1,0,1,0,150.0,25604.38353548025,135.0,360.0,1.0,1,0
0,1,0,1,0,3727.0,25604.38353548025,131.0,360.0,1.0,0,1
0,1,0,1,0,2221.0,25604.38353548025,60.0,360.0,0.0,2,0
0,1,1,1,0,4009.0,25604.38353548025,116.0,360.0,1.0,0,1
0,0,0,1,0,2971.0,25604.38353548025,144.0,360.0,1.0,0,1
0,1,0,1,0,6250.0,25604.38353548025,128.0,360.0,1.0,0,1
0,1,0,1,0,3250.0,25604.38353548025,170.0,360.0,1.0,1,0
0,1,1,1,0,6250.0,25604.38353548025,210.0,360.0,1.0,0,1
0,0,0,1,1,6400.0,25604.38353548025,200.0,360.0,1.0,1,1
0,1,1,1,0,2491.0,25604.38353548025,104.0,360.0,1.0,0,1
1,0,0,1,0,8333.0,25604.38353548025,280.0,360.0,1.0,0,1
0,1,1,1,0,3155.0,25604.38353548025,140.0,360.0,1.0,0,1
0,1,1,1,0,5500.0,25604.38353548025,170.0,360.0,1.0,1,1
1,0,1,1,0,3812.0,25604.38353548025,112.0,360.0,1.0,1,1
0,1,1,1,0,3315.0,25604.38353548025,96.0,360.0,1.0,0,1
0,1,1,1,0,5819.0,25604.38353548025,120.0,360.0,1.0,1,1
0,1,1,0,0,2510.0,25604.38353548025,140.0,180.0,1.0,2,0
0,0,0,1,0,2965.0,25604.38353548025,155.0,60.0,1.0,2,1
0,1,1,1,1,6250.0,25604.38353548025,108.0,360.0,1.0,1,1
0,1,0,0,0,3406.0,25604.38353548025,123.0,360.0,1.0,0,1
0,0,0,1,1,6050.0,25604.38353548025,120.0,180.0,1.0,2,0
0,1,1,1,0,9703.0,25604.38353548025,112.0,360.0,1.0,2,1
0,1,1,0,0,6608.0,25604.38353548025,137.0,180.0,1.0,2,1
0,1,1,1,0,2882.0,25604.38353548025,123.0,480.0,1.0,0,1
0,1,0,1,0,1809.0,25604.38353548025,90.0,360.0,1.0,2,1
0,1,0,0,0,1668.0,25604.38353548025,201.0,360.0,0.0,0,0
1,0,1,1,0,3427.0,25604.38353548025,138.0,360.0,1.0,2,0
0,0,0,0,1,2583.0,25604.38353548025,104.0,360.0,1.0,1,1
0,1,1,0,0,2661.0,25604.38353548025,279.0,180.0,1.0,0,1
0,0,0,1,1,16250.0,25604.38353548025,192.0,360.0,0.0,2,0
1,0,1,1,0,3083.0,25604.38353548025,255.0,360.0,1.0,1,1
0,0,0,0,0,6045.0,25604.38353548025,115.0,360.0,0.0,1,0
0,1,1,1,0,5250.0,25604.38353548025,94.0,360.0,1.0,2,0
0,1,0,1,0,14683.0,25604.38353548025,304.0,360.0,1.0,1,0
0,0,0,1,0,2060.0,25604.38353548025,134.0,360.0,1.0,0,1
1,0,1,1,0,3481.0,25604.38353548025,155.0,36.0,1.0,0,0
1,0,0,1,0,7200.0,25604.38353548025,120.0,360.0,1.0,1,1
0,0,0,1,1,5166.0,25604.38353548025,128.0,360.0,1.0,0,1
0,0,0,1,0,4095.0,25604.38353548025,151.0,360.0,1.0,1,1
0,1,1,1,0,4708.0,25604.38353548025,150.0,360.0,1.0,0,1
0,1,1,1,0,4333.0,25604.38353548025,160.0,360.0,0.0,2,1
1,0,1,1,0,2876.0,25604.38353548025,90.0,360.0,1.0,2,1
1,0,0,1,0,3237.0,25604.38353548025,30.0,360.0,1.0,2,1
0,1,0,1,0,11146.0,25604.38353548025,136.0,360.0,1.0,2,1
0,0,0,1,0,2833.0,25604.38353548025,126.0,360.0,1.0,1,1
0,1,0,1,0,2620.0,25604.38353548025,150.0,360.0,1.0,0,1
0,1,1,1,0,3900.0,25604.38353548025,90.0,360.0,1.0,0,1
0,1,1,1,0,2750.0,25604.38353548025,115.0,360.0,1.0,0,1
0,1,0,1,0,3993.0,25604.38353548025,207.0,360.0,1.0,0,1
0,1,0,1,0,3103.0,25604.38353548025,80.0,360.0,1.0,2,1
0,1,0,1,0,14583.0,25604.38353548025,386.00819012222564,360.0,1.0,0,1
0,0,1,0,1,4053.0,25604.38353548025,158.0,360.0,0.0,2,0
0,1,0,1,0,3927.0,25604.38353548025,112.0,360.0,1.0,0,1
0,1,1,1,0,2301.0,25604.38353548025,78.0,180.0,1.0,2,1
1,0,0,1,0,1811.0,25604.38353548025,54.0,360.0,1.0,2,1
0,0,0,1,0,3158.0,25604.38353548025,89.0,360.0,1.0,1,1
1,0,0,1,1,2600.0,25604.38353548025,99.0,300.0,1.0,0,0
0,1,0,1,0,3704.0,25604.38353548025,120.0,360.0,1.0,1,1
1,0,0,1,0,4124.0,25604.38353548025,115.0,360.0,1.0,0,1
0,0,0,1,0,9508.0,25604.38353548025,187.0,360.0,1.0,1,1
0,1,0,1,0,3075.0,25604.38353548025,139.0,360.0,1.0,1,1
0,1,1,1,0,4400.0,25604.38353548025,127.0,360.0,0.0,0,0
0,1,1,1,0,3153.0,25604.38353548025,134.0,360.0,1.0,2,1
0,1,0,1,0,2383.0,25604.38353548025,172.0,360.0,1.0,0,1
0,1,1,1,0,6875.0,25604.38353548025,200.0,360.0,1.0,0,1
1,1,1,1,0,4666.0,25604.38353548025,135.0,360.0,1.0,2,1
1,0,0,1,0,5000.0,25604.38353548025,151.0,480.0,1.0,1,0
0,1,1,1,0,2014.0,25604.38353548025,113.0,360.0,1.0,2,0
0,1,0,0,0,1800.0,25604.38353548025,93.0,360.0,0.0,2,0
1,0,0,1,0,5000.0,25604.38353548025,132.0,360.0,1.0,1,1
0,1,1,1,0,1625.0,25604.38353548025,96.0,360.0,1.0,2,1
0,0,0,1,0,4000.0,25604.38353548025,140.0,360.0,1.0,1,1
1,0,0,1,0,3762.0,25604.38353548025,135.0,360.0,1.0,1,1
1,0,0,1,0,2400.0,25604.38353548025,104.0,360.0,0.0,2,0
0,0,0,1,0,20233.0,25604.38353548025,386.00819012222564,360.0,1.0,1,0
1,0,0,1,0,2917.0,25604.38353548025,84.0,360.0,1.0,0,1
0,0,0,0,0,2927.0,25604.38353548025,111.0,360.0,1.0,0,1
1,0,0,1,0,2507.0,25604.38353548025,56.0,360.0,1.0,1,1
0,1,1,0,0,3399.0,25604.38353548025,111.0,180.0,1.0,2,1
0,1,1,1,0,3717.0,25604.38353548025,120.0,360.0,1.0,0,1
0,1,1,1,1,10000.0,25604.38353548025,155.0,360.0,1.0,1,0
0,1,0,1,0,2400.0,25604.38353548025,115.0,360.0,1.0,0,1
0,1,1,1,0,4342.0,25604.38353548025,124.0,360.0,1.0,0,1
0,1,1,1,0,15000.0,25604.38353548025,300.0,360.0,1.0,1,1
0,1,1,1,1,8666.0,25604.38353548025,376.0,360.0,0.0,1,0
0,0,0,1,0,4917.0,25604.38353548025,130.0,360.0,0.0,1,1
0,1,0,1,1,5818.0,25604.38353548025,184.0,360.0,1.0,0,1
1,1,0,1,0,4333.0,25604.38353548025,110.0,360.0,1.0,2,0
1,0,0,1,0,2500.0,25604.38353548025,67.0,360.0,1.0,2,1
0,0,1,1,0,4384.0,25604.38353548025,117.0,360.0,1.0,2,1
0,0,0,1,0,2935.0,25604.38353548025,98.0,360.0,1.0,0,1
0,1,1,1,1,2500.0,25604.38353548025,176.0,360.0,1.0,1,1
1,0,0,1,0,4160.0,25604.38353548025,71.0,360.0,1.0,0,1
0,1,1,0,0,2647.0,25604.38353548025,173.0,360.0,1.0,1,0
1,0,0,1,0,2378.0,25604.38353548025,46.0,360.0,1.0,1,0
0,1,1,0,0,4554.0,25604.38353548025,158.0,360.0,1.0,2,1
0,1,1,0,0,3173.0,25604.38353548025,74.0,360.0,1.0,0,1
0,1,0,1,0,2499.0,25604.38353548025,160.0,360.0,1.0,0,1
0,1,1,0,0,3083.0,25604.38353548025,126.0,360.0,1.0,2,1
0,1,0,1,0,2625.0,25604.38353548025,187.0,360.0,1.0,1,1
0,1,0,1,0,9083.0,25604.38353548025,228.0,360.0,1.0,0,1
0,0,0,1,0,8750.0,25604.38353548025,308.0,360.0,1.0,1,0
0,1,1,1,0,2666.0,25604.38353548025,95.0,360.0,1.0,1,1
1,1,0,1,1,5500.0,25604.38353548025,105.0,360.0,0.0,1,0
1,1,0,1,0,2423.0,25604.38353548025,130.0,360.0,1.0,0,1
0,1,1,1,0,8333.0,25604.38353548025,165.0,360.0,1.0,1,1
0,1,1,1,0,3875.0,25604.38353548025,67.0,360.0,1.0,2,0
0,1,0,0,0,3000.0,25604.38353548025,100.0,480.0,0.0,2,0
0,1,1,1,0,5167.0,25604.38353548025,200.0,360.0,1.0,0,1
1,0,1,1,0,4723.0,25604.38353548025,81.0,360.0,1.0,0,0
0,1,1,1,0,5000.0,25604.38353548025,236.0,360.0,1.0,0,1
0,1,0,1,0,4750.0,25604.38353548025,130.0,360.0,1.0,2,1
0,0,0,1,1,6822.0,25604.38353548025,141.0,360.0,1.0,1,1
0,0,0,0,0,6216.0,25604.38353548025,133.0,360.0,1.0,1,0
0,0,0,1,0,2500.0,25604.38353548025,96.0,480.0,1.0,0,0
0,1,1,1,0,6325.0,25604.38353548025,175.0,360.0,1.0,0,1
0,1,0,1,0,19730.0,25604.38353548025,386.00819012222564,360.0,1.0,1,0
1,0,0,1,1,15759.0,25604.38353548025,55.0,360.0,1.0,0,1
0,1,1,1,0,5185.0,25604.38353548025,155.0,360.0,1.0,0,1
0,1,1,1,1,9323.0,25604.38353548025,380.0,300.0,1.0,1,1
0,0,1,1,0,3062.0,25604.38353548025,111.0,180.0,0.0,2,0
0,1,0,1,0,4817.0,25604.38353548025,120.0,180.0,1.0,2,1
0,1,1,1,0,8750.0,25604.38353548025,130.0,360.0,1.0,1,1
0,0,0,1,0,3069.0,25604.38353548025,71.0,480.0,1.0,2,0
0,1,1,1,0,5391.0,5732.527812500078,130.0,360.0,1.0,2,1
0,0,0,1,0,5941.0,25604.38353548025,296.0,360.0,1.0,0,1
1,0,0,1,0,6000.0,25604.38353548025,156.0,360.0,1.0,2,1
0,0,0,1,1,7167.0,25604.38353548025,128.0,360.0,1.0,2,1
0,1,1,1,0,4566.0,25604.38353548025,100.0,360.0,1.0,2,0
0,0,0,0,0,2346.0,25604.38353548025,132.0,360.0,1.0,0,1
0,1,0,1,0,2333.0,25604.38353548025,136.0,360.0,1.0,2,1
0,1,0,1,0,5488.0,25604.38353548025,125.0,360.0,1.0,1,1
0,0,1,1,0,9167.0,25604.38353548025,185.0,360.0,1.0,1,1
0,1,1,1,0,9504.0,25604.38353548025,275.0,360.0,1.0,1,1
0,1,1,0,0,1993.0,25604.38353548025,113.0,180.0,1.0,0,1
0,1,1,1,0,3100.0,25604.38353548025,113.0,360.0,1.0,2,1
1,0,0,1,0,3180.0,25604.38353548025,71.0,360.0,0.0,2,0
0,1,0,1,0,3033.0,25604.38353548025,95.0,360.0,1.0,2,1
0,0,0,0,0,3902.0,25604.38353548025,109.0,360.0,1.0,1,1
1,0,0,1,0,1500.0,25604.38353548025,103.0,360.0,0.0,0,0
0,1,1,0,0,2889.0,25604.38353548025,45.0,180.0,0.0,2,0
0,0,0,0,0,2755.0,25604.38353548025,65.0,300.0,1.0,1,0
0,0,0,1,0,2500.0,25604.38353548025,103.0,360.0,1.0,0,1
1,0,0,0,0,1963.0,25604.38353548025,53.0,360.0,1.0,0,1
1,0,0,1,1,7441.0,25604.38353548025,194.0,360.0,1.0,1,0
1,0,0,1,0,4547.0,25604.38353548025,115.0,360.0,1.0,0,1
0,1,0,0,0,2167.0,25604.38353548025,115.0,360.0,1.0,2,1
1,0,0,0,0,2213.0,25604.38353548025,66.0,360.0,1.0,1,1
0,1,1,1,0,8300.0,25604.38353548025,152.0,300.0,0.0,0,0
0,1,1,1,0,22351.262481573733,25604.38353548025,360.0,360.0,0.0,1,0
1,0,1,0,1,3867.0,25604.38353548025,62.0,360.0,1.0,0,0
0,1,0,0,0,6096.0,25604.38353548025,218.0,360.0,0.0,1,0
0,1,0,0,0,2253.0,25604.38353548025,110.0,360.0,1.0,1,1
1,1,0,0,0,2149.0,25604.38353548025,178.0,360.0,0.0,0,0
1,0,0,1,0,2995.0,25604.38353548025,60.0,360.0,1.0,2,1
1,0,1,1,0,2600.0,25604.38353548025,160.0,360.0,1.0,2,0
0,1,1,1,1,1600.0,25604.38353548025,239.0,360.0,1.0,2,0
0,1,0,1,0,1025.0,25604.38353548025,112.0,360.0,1.0,1,1
0,1,0,1,0,3246.0,25604.38353548025,138.0,360.0,1.0,0,1
0,1,0,1,0,5829.0,25604.38353548025,138.0,360.0,1.0,1,1
0,1,0,1,0,1820.0,25604.38353548025,100.0,360.0,1.0,2,1
0,1,0,1,0,14880.0,25604.38353548025,96.0,360.0,1.0,0,1
0,1,0,1,0,2666.0,25604.38353548025,121.0,360.0,1.0,1,1
1,0,1,0,0,4606.0,25604.38353548025,81.0,360.0,1.0,1,0
0,1,1,1,0,5935.0,25604.38353548025,133.0,360.0,1.0,0,1
0,1,0,1,0,2920.0,25604.38353548025,87.0,360.0,1.0,1,1
0,0,0,0,0,2717.0,25604.38353548025,60.0,180.0,1.0,2,1
1,0,1,1,1,8624.0,25604.38353548025,150.0,360.0,1.0,0,1
0,0,0,1,0,6500.0,25604.38353548025,105.0,360.0,0.0,1,0
0,1,0,1,0,2425.0,25604.38353548025,143.0,360.0,1.0,0,1
0,0,0,1,0,3750.0,25604.38353548025,100.0,360.0,1.0,2,1
0,0,0,1,0,1926.0,25604.38353548025,50.0,360.0,1.0,0,1
0,0,0,1,1,10416.0,25604.38353548025,187.0,360.0,0.0,2,0
1,1,0,0,1,7142.0,25604.38353548025,138.0,360.0,1.0,1,1
0,0,0,1,0,3660.0,25604.38353548025,187.0,360.0,1.0,0,1
0,1,0,1,0,7901.0,25604.38353548025,180.0,360.0,1.0,1,1
0,0,1,0,0,4707.0,25604.38353548025,148.0,360.0,1.0,0,1
0,0,1,1,0,22351.262481573733,25604.38353548025,152.0,360.0,1.0,0,1
0,1,1,1,1,3466.0,25604.38353548025,130.0,360.0,1.0,1,1
0,1,1,0,0,4652.0,25604.38353548025,110.0,360.0,1.0,1,1
0,1,1,1,0,3340.0,25604.38353548025,150.0,360.0,0.0,1,0
0,1,1,0,0,2309.0,25604.38353548025,125.0,360.0,0.0,1,0
0,1,0,1,0,3948.0,25604.38353548025,149.0,360.0,0.0,1,0
0,1,0,1,0,2483.0,25604.38353548025,90.0,180.0,0.0,1,1
0,0,0,1,1,7085.0,25604.38353548025,84.0,360.0,1.0,0,1
0,1,1,1,0,3859.0,25604.38353548025,96.0,360.0,1.0,0,1
0,1,0,1,0,4301.0,25604.38353548025,118.0,360.0,1.0,2,1
0,1,0,1,0,3708.0,25604.38353548025,173.0,360.0,1.0,2,0
0,0,1,1,0,4354.0,25604.38353548025,136.0,360.0,1.0,1,1
0,1,0,1,0,8334.0,25604.38353548025,160.0,360.0,1.0,0,0
0,1,1,1,0,7740.0,25604.38353548025,128.0,180.0,1.0,2,1
0,1,0,1,0,3015.0,25604.38353548025,153.0,360.0,1.0,1,1
0,0,0,1,0,4166.0,25604.38353548025,98.0,360.0,0.0,0,0
0,0,0,1,0,6000.0,25604.38353548025,140.0,360.0,1.0,1,1
0,1,1,0,0,2947.0,25604.38353548025,70.0,180.0,0.0,2,0
0,1,0,1,0,4333.0,25604.38353548025,110.0,360.0,1.0,2,0
0,1,1,1,1,3450.0,25604.38353548025,162.0,360.0,1.0,0,1
0,1,1,0,0,2653.0,25604.38353548025,113.0,180.0,0.0,1,0
0,1,1,1,0,4691.0,25604.38353548025,100.0,360.0,1.0,0,1
0,0,1,1,0,5532.0,25604.38353548025,162.0,360.0,1.0,1,1
0,1,1,1,1,16525.0,25604.38353548025,150.0,360.0,1.0,1,1
0,1,1,1,0,6700.0,25604.38353548025,230.0,300.0,1.0,0,1
0,1,1,1,1,16667.0,25604.38353548025,86.0,360.0,1.0,0,1
1,0,0,0,0,4350.0,25604.38353548025,154.0,360.0,1.0,1,1
0,1,1,0,0,3095.0,25604.38353548025,113.0,360.0,1.0,1,1
0,1,0,1,0,2083.0,25604.38353548025,128.0,360.0,1.0,0,1
0,1,0,1,0,10833.0,25604.38353548025,234.0,360.0,1.0,0,1
0,1,1,1,0,8333.0,25604.38353548025,246.0,360.0,1.0,0,1
0,1,1,0,0,1958.0,25604.38353548025,131.0,360.0,1.0,1,1
0,0,1,1,0,3547.0,25604.38353548025,80.0,360.0,0.0,1,0
0,1,1,1,0,18333.0,25604.38353548025,386.00819012222564,360.0,1.0,2,0
0,1,1,1,1,4583.0,25604.38353548025,160.0,360.0,1.0,0,1
0,0,0,1,0,2435.0,25604.38353548025,75.0,360.0,1.0,2,0
0,0,0,0,0,3691.0,25604.38353548025,110.0,360.0,1.0,1,1
1,0,0,0,1,17263.0,25604.38353548025,225.0,360.0,1.0,0,1
0,1,0,1,0,3597.0,25604.38353548025,119.0,360.0,0.0,1,0
1,1,1,1,0,3326.0,25604.38353548025,105.0,84.0,1.0,0,1
0,1,0,0,0,2600.0,25604.38353548025,107.0,360.0,1.0,1,1
0,1,1,1,1,2895.0,25604.38353548025,95.0,360.0,1.0,0,1
0,0,0,1,0,6283.0,25604.38353548025,209.0,360.0,0.0,1,0
1,0,0,1,0,645.0,25604.38353548025,113.0,480.0,1.0,1,1
1,0,0,1,0,3159.0,25604.38353548025,100.0,360.0,1.0,0,1
0,1,1,1,0,4865.0,25604.38353548025,208.0,360.0,1.0,0,1
0,1,0,0,0,3814.0,25604.38353548025,124.0,300.0,1.0,0,1
0,1,1,1,0,3510.0,25604.38353548025,243.0,360.0,1.0,1,1
0,1,0,1,1,2479.0,25604.38353548025,188.0,360.0,1.0,2,1
1,0,1,1,0,13262.0,25604.38353548025,40.0,360.0,1.0,2,1
0,0,0,0,0,3598.0,25604.38353548025,100.0,360.0,1.0,1,0
0,1,1,1,0,6065.0,25604.38353548025,250.0,360.0,1.0,0,1
0,1,1,1,0,3283.0,25604.38353548025,148.0,360.0,1.0,2,1
0,1,0,1,0,2130.0,25604.38353548025,70.0,180.0,1.0,0,0
0,0,0,1,0,5815.0,25604.38353548025,311.0,360.0,1.0,1,0
0,1,1,1,0,3466.0,25604.38353548025,150.0,360.0,1.0,1,1
1,1,1,1,0,2031.0,25604.38353548025,113.0,480.0,1.0,0,1
0,0,0,1,0,4683.0,25604.38353548025,185.0,360.0,1.0,0,0
1,0,0,0,0,3400.0,25604.38353548025,95.0,360.0,1.0,1,0
0,1,1,0,0,2192.0,25604.38353548025,45.0,360.0,1.0,0,1
0,0,0,1,0,2500.0,25604.38353548025,55.0,360.0,1.0,0,1
0,1,1,1,1,5677.0,25604.38353548025,100.0,360.0,1.0,1,1
0,1,1,1,1,7948.0,25604.38353548025,386.00819012222564,360.0,1.0,1,1
0,1,1,1,1,17500.0,25604.38353548025,386.00819012222564,360.0,1.0,1,1
0,1,0,1,0,3775.0,25604.38353548025,110.0,360.0,1.0,0,1
0,1,1,0,0,5285.0,25604.38353548025,161.0,360.0,0.0,0,1
0,0,1,0,0,2679.0,25604.38353548025,94.0,360.0,1.0,0,1
0,0,0,0,0,6783.0,25604.38353548025,130.0,360.0,1.0,0,1
0,1,1,1,0,4281.0,25604.38353548025,100.0,360.0,1.0,2,1
0,0,1,1,0,3588.0,25604.38353548025,110.0,360.0,0.0,1,0
1,0,0,0,1,18165.0,25604.38353548025,125.0,360.0,1.0,2,1
0,1,0,1,0,6133.0,25604.38353548025,324.0,360.0,1.0,2,1
0,0,1,1,0,3617.0,25604.38353548025,107.0,360.0,1.0,0,1
0,1,0,0,0,2917.0,25604.38353548025,66.0,360.0,1.0,1,0
0,1,1,1,0,6417.0,25604.38353548025,157.0,180.0,1.0,1,1
1,1,1,1,0,4608.0,25604.38353548025,140.0,180.0,1.0,0,1
1,0,0,1,0,2138.0,25604.38353548025,99.0,360.0,0.0,0,0
0,1,1,0,0,2239.0,25604.38353548025,128.0,360.0,1.0,2,1
0,1,0,1,0,2768.0,25604.38353548025,155.0,360.0,1.0,1,1
0,0,0,0,0,3358.0,25604.38353548025,80.0,36.0,1.0,0,0
0,0,0,1,0,2526.0,25604.38353548025,145.0,360.0,1.0,1,1
1,0,0,1,0,5000.0,25604.38353548025,103.0,360.0,0.0,0,0
0,1,0,1,0,2785.0,25604.38353548025,110.0,360.0,1.0,1,1
0,1,1,1,0,3333.0,25604.38353548025,158.0,360.0,1.0,2,1
0,1,0,0,0,2454.0,25604.38353548025,181.0,360.0,0.0,2,0
0,1,0,1,0,3593.0,25604.38353548025,132.0,180.0,0.0,1,0
0,1,1,1,0,5468.0,25604.38353548025,26.0,360.0,1.0,0,1
0,1,1,1,1,10139.0,25604.38353548025,260.0,360.0,1.0,0,1
0,1,0,1,0,3887.0,25604.38353548025,162.0,360.0,1.0,0,1
1,1,0,1,0,4180.0,25604.38353548025,182.0,360.0,1.0,0,1
0,1,1,0,0,3675.0,25604.38353548025,108.0,360.0,1.0,0,1
1,1,1,1,1,19484.0,25604.38353548025,386.00819012222564,360.0,1.0,0,1
0,1,0,1,0,5923.0,25604.38353548025,211.0,360.0,1.0,1,1
0,0,0,0,1,5800.0,25604.38353548025,132.0,360.0,1.0,0,1
0,1,1,1,0,8799.0,25604.38353548025,258.0,360.0,0.0,2,0
0,0,0,1,0,3333.0,25604.38353548025,70.0,360.0,1.0,2,1
0,1,1,1,0,3400.0,25604.38353548025,123.0,360.0,0.0,1,0
1,0,0,1,0,2378.0,25604.38353548025,9.0,360.0,1.0,2,0
0,1,0,1,0,3166.0,25604.38353548025,104.0,360.0,0.0,2,0
0,1,1,1,0,3417.0,25604.38353548025,186.0,360.0,1.0,2,1
0,1,1,1,0,16666.0,25604.38353548025,275.0,360.0,1.0,2,1
0,1,1,0,0,6125.0,25604.38353548025,187.0,480.0,1.0,0,0
0,1,1,1,0,6406.0,25604.38353548025,150.0,360.0,1.0,0,0
0,1,1,1,0,3159.0,25604.38353548025,108.0,84.0,1.0,2,1
0,0,0,1,0,3229.0,25604.38353548025,110.0,360.0,1.0,2,1
0,1,1,1,0,1782.0,25604.38353548025,107.0,360.0,1.0,1,1
0,1,1,1,0,6540.0,25604.38353548025,205.0,360.0,1.0,0,1
0,0,0,1,0,1836.0,25604.38353548025,90.0,360.0,1.0,2,0
1,1,0,1,0,3166.0,25604.38353548025,36.0,360.0,1.0,0,1
0,1,1,1,0,2787.0,25604.38353548025,146.0,360.0,0.0,1,0
0,1,1,1,0,4283.0,25604.38353548025,172.0,84.0,1.0,1,0
0,1,0,1,0,2297.0,25604.38353548025,104.0,360.0,1.0,2,1
1,0,0,0,0,2165.0,25604.38353548025,70.0,360.0,1.0,0,1
0,1,1,1,1,2726.0,25604.38353548025,106.0,360.0,0.0,0,0
0,1,0,1,0,3000.0,25604.38353548025,56.0,180.0,1.0,0,1
0,1,1,1,1,6000.0,25604.38353548025,205.0,240.0,1.0,0,0
0,1,0,1,0,3859.0,25604.38353548025,142.0,180.0,1.0,1,1
0,1,0,1,1,16120.0,25604.38353548025,260.0,360.0,1.0,2,1
0,0,0,0,0,3833.0,25604.38353548025,110.0,360.0,1.0,1,1
0,1,1,0,1,6383.0,25604.38353548025,187.0,360.0,1.0,1,0
0,1,0,1,1,9963.0,25604.38353548025,180.0,360.0,1.0,1,1
0,1,1,1,0,5780.0,25604.38353548025,192.0,360.0,1.0,2,1
0,1,1,1,0,5703.0,25604.38353548025,128.0,360.0,1.0,2,1
0,0,0,1,0,3676.0,25604.38353548025,172.0,360.0,1.0,1,1
1,1,1,1,0,12000.0,25604.38353548025,386.00819012222564,360.0,1.0,0,1
0,1,1,1,0,3400.0,25604.38353548025,173.0,360.0,1.0,0,1
0,1,1,0,0,3987.0,25604.38353548025,157.0,360.0,1.0,1,1
0,1,0,1,0,3232.0,25604.38353548025,108.0,360.0,1.0,1,1
1,0,0,1,0,2900.0,25604.38353548025,71.0,360.0,1.0,1,1
0,1,1,1,0,4106.0,25604.38353548025,40.0,180.0,1.0,1,1
0,1,1,1,0,8072.0,25604.38353548025,253.0,360.0,1.0,2,1
0,1,1,1,0,7583.0,25604.38353548025,187.0,360.0,1.0,2,1
1,0,0,1,1,4583.0,25604.38353548025,133.0,360.0,0.0,0,0
